,PLAYER,TEAM,AGE,GP,G,FREQ,FGM,FGA,FG%,EFG%,2FG FREQ,2FGM,2FGA,2FG%,3FG FREQ,3PM,3PA,3P%
0,Luka Doncic,DAL,24,61,61,53.3,4.6,11.8,39.3,49.5,21.7,2.2,4.8,46.0,31.6,2.4,7.0,34.6
1,Devin Booker,PHX,26,48,47,55.0,5.1,11.3,45.0,50.5,36.6,3.8,7.5,51.2,18.4,1.2,3.8,32.6
2,DeMar DeRozan,CHI,33,67,67,58.2,4.9,10.3,47.5,48.1,56.3,4.8,10.0,48.0,1.9,0.1,0.3,35.3
3,Trae Young,ATL,24,68,68,52.9,4.0,10.2,38.8,47.1,26.6,2.3,5.2,43.9,26.3,1.7,5.1,33.6
4,Kevin Durant,PHX,34,42,42,55.4,5.6,10.2,55.0,59.1,43.2,4.8,7.9,60.0,12.2,0.8,2.2,37.1
5,Damian Lillard,POR,32,58,58,46.7,3.9,9.7,40.5,54.6,11.1,1.2,2.3,50.6,35.5,2.7,7.4,37.2
6,Donovan Mitchell,CLE,26,64,64,46.8,4.0,9.5,42.2,53.7,18.8,1.8,3.8,47.5,28.0,2.2,5.7,38.6
7,Kyrie Irving,DAL,31,56,56,46.6,4.3,9.3,45.6,54.8,23.9,2.5,4.8,53.2,22.8,1.7,4.5,37.6
8,Brandon Ingram,NOP,25,38,38,50.8,4.0,9.2,42.7,44.6,45.2,3.6,8.2,44.0,5.6,0.3,1.0,33.0
9,Shai Gilgeous-Alexander,OKC,24,64,64,44.7,4.2,9.1,46.1,49.6,36.2,3.6,7.4,48.4,8.5,0.6,1.7,36.6
10,Stephen Curry,GSW,35,49,49,44.6,4.2,9.0,46.3,62.1,14.0,1.3,2.8,46.8,30.6,2.9,6.2,46.1
11,Cade Cunningham,DET,21,12,12,47.3,3.7,8.8,41.5,45.3,32.6,3.0,6.1,49.3,14.7,0.7,2.8,24.4
12,De'Aaron Fox,SAC,25,67,67,47.4,3.6,8.7,41.6,46.5,32.7,2.8,6.0,46.1,14.7,0.8,2.7,31.6
13,Jamal Murray,DEN,26,61,61,52.9,3.5,8.6,40.3,49.0,29.9,2.0,4.8,40.6,23.0,1.5,3.7,39.8
14,Dejounte Murray,ATL,26,68,66,47.5,3.9,8.5,45.8,49.5,38.0,3.3,6.8,47.9,9.5,0.6,1.7,36.8
15,CJ McCollum,NOP,31,68,68,47.0,3.5,8.4,42.1,48.9,29.9,2.4,5.3,44.9,17.2,1.1,3.1,37.5
16,Kawhi Leonard,LAC,31,47,46,50.6,4.1,8.4,48.7,53.6,38.4,3.3,6.4,51.6,12.2,0.8,2.0,40.1
17,Terry Rozier,CHA,29,63,63,44.1,3.1,8.3,37.3,45.6,20.9,1.7,3.9,43.8,23.2,1.4,4.3,31.5
18,Chris Paul,PHX,37,54,53,73.4,3.5,8.2,42.2,47.3,48.7,2.6,5.5,48.5,24.8,0.8,2.8,29.9
19,Jalen Brunson,NYK,26,65,65,46.9,3.6,8.2,44.6,51.0,31.0,2.6,5.4,48.1,15.9,1.1,2.8,37.9
20,LaMelo Ball,CHA,21,36,36,40.8,3.0,8.2,36.7,47.6,15.3,1.2,3.1,39.9,25.5,1.8,5.1,34.8
21,Paul George,LAC,32,56,56,45.3,3.2,8.1,39.3,47.7,24.3,1.8,4.4,42.2,21.0,1.4,3.8,36.1
22,Tyler Herro,MIA,23,61,61,48.2,3.1,8.1,38.2,47.2,24.6,1.6,4.1,39.9,23.6,1.4,4.0,36.5
23,Anthony Edwards,MIN,21,73,73,41.7,2.8,8.1,35.2,45.1,17.6,1.3,3.4,36.8,24.1,1.6,4.7,34.1
24,Zach LaVine,CHI,28,70,70,43.4,3.0,7.8,38.3,46.9,21.7,1.6,3.9,41.9,21.8,1.4,3.9,34.6
25,Fred VanVleet,TOR,29,63,63,47.2,3.0,7.7,38.6,48.7,19.4,1.4,3.2,45.1,27.8,1.6,4.6,34.2
26,James Harden,PHI,33,53,53,52.5,3.0,7.7,39.5,52.5,15.8,1.0,2.3,44.8,36.7,2.0,5.4,37.2
27,Tyrese Haliburton,IND,23,56,56,49.6,3.1,7.5,41.7,56.4,13.1,0.9,2.0,47.4,36.5,2.2,5.5,39.8
28,Anfernee Simons,POR,23,62,62,44.1,2.9,7.4,39.5,49.3,19.6,1.5,3.3,44.4,24.5,1.5,4.1,35.6
29,Darius Garland,CLE,23,65,65,45.1,3.1,7.3,42.4,51.7,23.5,1.7,3.8,45.8,21.6,1.4,3.5,38.7
30,Ja Morant,MEM,23,56,56,35.9,2.8,7.3,38.7,45.3,20.2,1.9,4.1,45.3,15.7,1.0,3.2,30.2
31,Jalen Green,HOU,21,70,70,40.9,2.6,7.3,35.3,44.0,18.2,1.3,3.2,40.1,22.7,1.3,4.0,31.4
32,Bradley Beal,WAS,29,50,49,41.5,3.2,7.3,44.2,49.2,29.1,2.5,5.1,49.0,12.4,0.7,2.2,33.0
33,Jrue Holiday,MIL,32,62,62,48.2,2.9,7.3,39.7,50.1,19.9,1.4,3.0,45.7,28.3,1.5,4.3,35.6
34,Joel Embiid,PHI,29,61,61,34.9,3.0,7.1,43.2,45.0,29.1,2.8,5.9,47.3,5.7,0.3,1.2,22.4
35,Kevin Porter Jr.,HOU,22,54,54,48.0,2.6,7.1,37.4,47.1,19.2,1.3,2.8,45.2,28.8,1.4,4.2,32.3
36,Jayson Tatum,BOS,25,69,69,32.9,2.1,7.0,30.0,40.0,9.8,0.7,2.1,33.3,23.0,1.4,4.9,28.7
37,Devin Vassell,SAS,22,38,38,44.5,2.8,7.0,40.0,44.2,31.4,2.2,4.9,44.9,13.1,0.6,2.0,28.3
38,Julius Randle,NYK,28,76,76,35.9,2.6,6.7,39.3,46.9,19.6,1.6,3.7,44.1,16.3,1.0,3.1,33.6
39,Jaylen Brown,BOS,26,63,63,31.1,2.6,6.4,40.9,47.5,18.4,1.8,3.8,47.0,12.7,0.8,2.6,32.3
40,LeBron James,LAL,38,48,48,28.6,2.0,6.4,32.0,38.4,16.1,1.2,3.6,34.4,12.5,0.8,2.8,29.0
41,Klay Thompson,GSW,33,63,63,34.9,2.6,6.3,40.3,49.0,19.6,1.4,3.6,40.3,15.3,1.1,2.8,39.9
42,D'Angelo Russell,LAL,27,65,64,46.1,2.7,6.2,42.7,52.3,23.0,1.5,3.1,46.9,23.1,1.2,3.1,38.5
43,Pascal Siakam,TOR,28,65,65,33.3,2.6,6.2,41.6,44.1,27.6,2.3,5.1,44.1,5.6,0.3,1.1,29.5
44,Jordan Poole,GSW,23,75,74,38.5,2.0,6.0,33.9,43.0,15.4,1.0,2.4,39.5,23.1,1.1,3.6,30.0
45,Jordan Clarkson,UTA,30,61,61,35.2,2.4,6.0,39.7,49.7,14.6,1.2,2.5,47.2,20.7,1.2,3.5,34.4
46,Gary Trent Jr.,TOR,24,63,63,41.2,2.3,5.9,39.0,44.4,26.2,1.7,3.8,44.4,15.0,0.6,2.2,29.2
47,Khris Middleton,MIL,31,30,30,46.3,2.4,5.8,41.4,48.0,27.4,1.6,3.4,47.5,18.9,0.8,2.4,32.5
48,Paolo Banchero,ORL,20,68,68,36.7,2.0,5.7,34.6,38.3,25.3,1.6,4.0,39.4,11.4,0.4,1.8,24.2
49,Mikal Bridges,BKN,26,76,76,37.8,2.6,5.6,45.8,48.7,31.9,2.2,4.7,47.5,5.9,0.3,0.9,37.5
50,Bojan Bogdanovic,DET,33,58,58,37.8,2.5,5.6,43.7,48.8,26.1,1.9,3.9,48.7,11.8,0.6,1.7,32.8
51,Tyrese Maxey,PHI,22,56,56,36.0,2.3,5.6,41.9,50.3,20.0,1.4,3.1,44.7,16.0,0.9,2.5,38.3
52,Desmond Bane,MEM,24,52,52,34.7,2.4,5.6,43.6,56.2,13.7,1.0,2.2,46.6,21.0,1.4,3.4,41.5
53,Spencer Dinwiddie,BKN,29,73,72,41.4,2.0,5.5,36.6,47.4,15.0,0.8,2.0,41.0,26.3,1.2,3.5,33.9
54,Killian Hayes,DET,21,68,68,52.3,2.0,5.5,37.4,39.8,41.5,1.8,4.3,41.0,10.8,0.3,1.1,23.0
55,Dillon Brooks,MEM,27,67,67,37.3,1.8,5.0,35.2,41.3,22.0,1.1,3.0,38.9,15.3,0.6,2.0,29.9
56,Gordon Hayward,CHA,33,50,50,42.5,2.2,4.9,43.7,45.7,36.3,2.0,4.2,46.4,6.2,0.2,0.7,27.8
57,Giannis Antetokounmpo,MIL,28,59,58,23.8,1.5,4.8,31.8,35.7,16.2,1.2,3.3,35.6,7.7,0.4,1.6,23.7
58,Jaden Ivey,DET,21,66,65,38.1,1.8,4.8,36.4,42.9,21.7,1.1,2.8,40.6,16.4,0.6,2.1,30.8
59,Alec Burks,DET,31,50,50,52.7,2.0,4.7,42.6,51.9,28.0,1.1,2.5,45.2,24.7,0.9,2.2,39.6
60,Immanuel Quickley,NYK,23,75,73,42.0,1.8,4.6,38.7,47.5,20.2,1.0,2.2,43.9,21.9,0.8,2.4,33.8
61,Kyle Kuzma,WAS,27,64,62,25.1,1.5,4.5,32.8,40.9,12.3,0.7,2.2,33.3,12.9,0.7,2.3,31.7
62,Cam Thomas,BKN,21,53,47,54.6,1.6,4.3,37.6,43.8,35.3,1.1,2.8,39.3,19.3,0.5,1.5,35.1
63,Mike Conley,MIN,35,61,61,47.4,1.5,4.3,35.4,46.9,14.0,0.5,1.3,41.3,33.3,1.0,3.0,32.7
64,Bones Hyland,LAC,22,50,50,41.6,1.5,4.2,35.1,47.4,13.6,0.4,1.4,31.9,28.0,1.0,2.8,36.6
65,Tre Jones,SAS,23,60,59,37.2,1.5,4.1,37.3,37.9,33.1,1.5,3.6,40.6,4.1,0.1,0.5,11.1
66,Bogdan Bogdanovic,ATL,30,49,48,34.8,1.6,4.0,41.0,50.3,19.4,0.9,2.2,40.5,15.3,0.7,1.8,41.5
67,Marcus Morris Sr.,LAC,33,65,62,40.1,1.8,4.0,44.2,47.3,33.3,1.5,3.3,45.9,6.8,0.3,0.7,36.8
68,Buddy Hield,IND,30,75,71,30.0,1.7,4.0,43.1,56.9,11.2,0.6,1.5,41.2,18.8,1.1,2.5,44.0
69,Tyus Jones,MEM,26,74,70,44.3,1.8,4.0,44.9,50.5,31.4,1.3,2.8,47.1,12.9,0.5,1.1,39.1
70,De'Andre Hunter,ATL,25,64,61,31.6,2.0,3.9,51.2,54.0,27.2,1.8,3.4,53.0,4.4,0.2,0.6,40.0
71,Cameron Payne,PHX,28,43,43,39.4,1.6,3.8,41.2,49.7,23.2,0.9,2.3,41.2,16.2,0.7,1.6,41.1
72,Malik Beasley,LAL,26,74,73,32.0,1.4,3.8,37.8,48.6,13.1,0.6,1.6,39.5,18.9,0.8,2.3,36.3
73,Kelly Oubre Jr.,CHA,27,48,46,22.3,1.5,3.8,39.6,45.6,13.5,1.0,2.3,45.4,8.8,0.5,1.5,30.7
74,Russell Westbrook,LAC,34,67,63,27.6,1.2,3.7,33.1,37.5,17.8,0.9,2.4,37.7,9.8,0.3,1.3,25.2
75,Tre Mann,OKC,22,62,60,48.0,1.3,3.7,36.1,46.0,16.7,0.6,1.3,47.2,31.3,0.7,2.4,30.5
76,Seth Curry,BKN,32,55,50,47.5,1.8,3.6,49.3,56.0,32.4,1.3,2.5,52.6,15.1,0.5,1.2,42.2
77,Markelle Fultz,ORL,24,54,54,31.9,1.6,3.6,43.1,44.4,29.5,1.5,3.4,43.9,2.4,0.1,0.3,32.1
78,Malcolm Brogdon,BOS,30,62,61,34.1,1.6,3.6,44.9,56.4,16.2,0.8,1.7,45.7,17.9,0.8,1.9,44.2
79,Kevin Huerter,SAC,24,69,67,31.3,1.6,3.6,44.0,57.5,12.4,0.6,1.4,43.0,18.9,1.0,2.2,44.7
80,Cole Anthony,ORL,22,55,52,35.5,1.6,3.6,44.7,49.5,26.3,1.3,2.6,47.2,9.2,0.3,0.9,37.6
81,Kristaps Porzingis,WAS,27,64,63,22.8,1.5,3.5,43.2,45.4,19.3,1.4,3.0,46.0,3.5,0.2,0.6,29.1
82,Monte Morris,WAS,27,60,59,42.8,1.6,3.5,45.8,51.4,29.5,1.2,2.4,50.2,13.3,0.4,1.1,36.4
83,Michael Porter Jr.,DEN,24,58,55,27.0,1.3,3.5,36.9,46.1,13.2,0.7,1.7,38.6,13.8,0.6,1.8,35.8
84,Jimmy Butler,MIA,33,60,58,24.7,1.4,3.5,40.6,42.8,21.0,1.3,2.9,42.7,3.7,0.1,0.5,28.8
85,Duane Washington Jr.,NYK,23,31,25,41.8,1.4,3.5,39.3,48.6,23.8,0.7,2.0,36.0,18.0,0.7,1.5,43.9
86,Victor Oladipo,MIA,30,38,37,37.4,1.3,3.5,38.2,46.6,18.6,0.7,1.7,43.3,18.9,0.6,1.7,33.3
87,Kemba Walker,DAL,32,9,7,54.4,1.4,3.4,41.9,53.2,17.5,0.7,1.1,60.4,36.8,0.8,2.3,33.5
88,Tim Hardaway Jr.,DAL,31,67,66,28.9,1.2,3.4,35.7,44.6,14.2,0.6,1.7,36.1,14.7,0.6,1.8,34.9
89,Jevon Carter,MIL,27,75,69,47.9,1.4,3.3,41.6,51.0,24.5,0.8,1.7,44.4,23.4,0.6,1.6,38.7
90,Dennis Schroder,LAL,29,61,57,33.0,1.4,3.3,41.6,43.6,27.7,1.3,2.8,44.8,5.2,0.1,0.5,25.0
91,Franz Wagner,ORL,21,74,72,23.4,1.1,3.3,35.0,43.0,10.2,0.6,1.4,43.4,13.2,0.5,1.9,28.6
92,Bam Adebayo,MIA,25,70,69,21.4,1.4,3.2,44.5,44.5,21.0,1.4,3.2,45.1,0.4,0.0,0.1,0.0
93,Reggie Jackson,DEN,32,62,56,34.5,1.1,3.2,34.8,38.6,22.3,0.9,2.1,42.4,12.2,0.2,1.1,20.9
94,Josh Richardson,NOP,29,57,55,35.8,1.4,3.2,43.5,46.5,29.4,1.2,2.6,45.7,6.4,0.2,0.6,32.8
95,Norman Powell,LAC,29,54,51,27.6,1.3,3.2,39.1,47.4,14.4,0.7,1.7,42.6,13.2,0.5,1.5,35.1
96,Caris LeVert,CLE,28,70,64,31.8,1.1,3.2,34.4,43.5,16.5,0.5,1.7,30.7,15.3,0.6,1.5,38.3
97,Andrew Wiggins,GSW,28,36,36,22.5,1.1,3.2,33.9,37.0,16.8,0.9,2.4,37.2,5.7,0.2,0.8,23.5
98,Gabe Vincent,MIA,26,61,58,37.6,1.3,3.1,41.7,50.8,16.3,0.7,1.4,54.4,21.4,0.6,1.8,31.8
99,Kyle Lowry,MIA,37,50,46,34.2,1.2,3.1,38.9,50.0,12.2,0.5,1.1,46.4,22.0,0.7,2.0,34.7
100,Jabari Smith Jr.,HOU,19,73,69,28.1,1.2,3.1,37.1,42.1,20.5,0.8,2.3,37.1,7.6,0.3,0.8,37.6
101,John Wall,LAC,32,34,32,31.1,0.8,3.1,26.7,27.1,25.1,0.8,2.5,31.6,5.9,0.0,0.6,5.1
102,Jaylen Nowell,MIN,23,65,57,31.3,1.3,3.0,43.1,50.3,16.5,0.9,1.6,54.4,14.7,0.4,1.4,30.3
103,Evan Fournier,NYK,30,23,22,45.7,1.0,3.0,31.9,40.6,16.6,0.4,1.1,39.4,29.1,0.5,1.9,27.2
104,Chris Duarte,IND,25,46,44,41.4,0.9,3.0,29.7,37.0,20.1,0.5,1.5,31.5,21.3,0.4,1.5,27.9
105,Keldon Johnson,SAS,23,60,52,16.7,0.8,3.0,28.8,34.7,9.2,0.5,1.6,30.7,7.4,0.3,1.3,26.5
106,Bennedict Mathurin,IND,20,72,67,24.1,1.0,2.9,34.3,43.8,10.9,0.4,1.3,33.3,13.2,0.6,1.6,35.0
107,Malaki Branham,SAS,19,58,55,33.5,1.3,2.9,44.4,47.3,25.0,1.1,2.2,51.6,8.5,0.2,0.7,23.0
108,Scottie Barnes,TOR,21,70,66,21.9,0.9,2.9,31.9,34.8,16.3,0.8,2.2,35.0,5.6,0.2,0.7,23.0
109,Anthony Davis,LAL,30,49,45,17.0,1.2,2.9,41.5,41.5,16.5,1.2,2.8,42.6,0.5,0.0,0.1,0.0
110,Terrence Ross,PHX,32,56,48,38.2,1.3,2.9,45.1,49.1,27.1,1.1,2.0,52.2,11.1,0.2,0.8,27.4
111,Jalen Suggs,ORL,21,46,40,34.6,1.0,2.9,36.1,44.4,15.6,0.6,1.3,43.8,19.0,0.5,1.6,30.2
112,Rui Hachimura,LAL,25,56,51,30.3,1.4,2.8,49.4,49.4,29.7,1.4,2.8,50.2,0.6,0.0,0.1,0.0
113,Jerami Grant,POR,29,63,58,19.3,1.1,2.8,40.3,43.8,16.3,0.9,2.4,39.7,3.0,0.2,0.4,44.2
114,Malik Monk,SAC,25,72,63,26.9,1.0,2.8,35.5,45.5,9.7,0.4,1.0,43.0,17.2,0.6,1.8,31.5
115,Andrew Nembhard,IND,23,69,61,33.8,1.0,2.8,35.1,40.1,23.4,0.7,1.9,36.6,10.4,0.3,0.9,32.6
116,Landry Shamet,PHX,26,35,29,33.8,0.7,2.6,28.6,38.5,12.6,0.2,1.0,23.7,21.2,0.5,1.6,31.3
117,T.J. Warren,PHX,29,38,32,38.2,1.2,2.5,48.5,49.0,35.4,1.2,2.4,51.1,2.8,0.0,0.2,16.7
118,Saddiq Bey,ATL,23,69,62,23.6,0.8,2.5,31.4,40.3,10.1,0.3,1.1,32.1,13.5,0.5,1.4,31.0
119,Cameron Johnson,BKN,27,36,35,22.6,1.1,2.5,44.0,49.5,16.2,0.8,1.8,45.9,6.5,0.3,0.7,38.9
120,AJ Griffin,ATL,19,67,58,34.1,1.2,2.5,49.4,56.8,22.9,0.9,1.7,51.5,11.2,0.4,0.8,45.1
121,Devonte' Graham,SAS,28,69,50,42.4,0.9,2.5,35.1,47.7,9.9,0.3,0.6,43.1,32.5,0.6,1.9,32.6
122,Talen Horton-Tucker,UTA,22,61,50,29.0,0.8,2.5,33.1,40.7,13.4,0.4,1.1,38.3,15.5,0.4,1.3,28.6
123,Josh Giddey,OKC,20,70,62,16.8,1.0,2.4,40.6,41.8,14.7,0.9,2.1,43.7,2.1,0.1,0.3,20.0
124,TyTy Washington Jr.,HOU,21,30,25,46.5,0.9,2.4,36.1,39.6,31.6,0.7,1.6,42.9,14.8,0.2,0.8,22.1
125,Austin Reaves,LAL,24,57,46,32.2,1.1,2.4,46.3,52.6,22.2,0.8,1.6,49.1,9.9,0.3,0.7,40.5
126,Brandon Boston Jr.,LAC,21,21,15,41.3,0.9,2.4,40.0,47.0,28.9,0.6,1.7,37.1,12.4,0.3,0.7,46.5
127,Will Barton,TOR,32,52,41,37.0,0.8,2.4,31.7,39.8,16.3,0.4,1.0,35.6,20.8,0.4,1.3,28.6
128,Kentavious Caldwell-Pope,DEN,30,72,65,28.3,1.0,2.4,42.4,46.8,20.6,0.8,1.7,45.9,7.7,0.2,0.6,32.8
129,O.G. Anunoby,TOR,25,61,51,17.9,0.8,2.4,36.1,39.9,13.0,0.7,1.7,39.0,4.8,0.2,0.6,28.1
130,Ricky Rubio,CLE,32,27,22,44.1,1.0,2.3,44.4,47.6,30.1,0.9,1.6,56.0,14.0,0.1,0.7,20.3
131,P.J. Washington,CHA,24,71,61,17.4,0.8,2.3,36.6,43.9,10.5,0.5,1.4,36.7,6.9,0.3,0.9,37.0
132,Goran Dragic,MIL,36,51,43,39.3,0.8,2.3,35.0,37.6,27.5,0.7,1.6,42.9,11.7,0.1,0.7,17.4
133,Dennis Smith Jr.,CHA,25,54,50,27.2,0.6,2.3,25.2,25.6,23.0,0.6,1.9,29.0,4.2,0.0,0.3,5.7
134,Shaedon Sharpe,POR,19,74,62,31.9,0.8,2.3,33.3,39.9,15.2,0.5,1.1,42.6,16.7,0.3,1.2,25.2
135,Joshua Primo,SAS,20,4,4,34.6,1.0,2.3,44.4,50.0,23.1,0.8,1.5,50.0,11.5,0.3,0.8,33.3
136,Lonnie Walker IV,LAL,24,53,44,23.1,0.8,2.3,35.3,40.8,14.3,0.6,1.4,39.3,8.7,0.3,0.8,29.4
137,RJ Barrett,NYK,22,69,59,13.8,0.6,2.2,25.0,28.3,9.2,0.4,1.5,27.7,4.5,0.1,0.7,19.4
138,Kendrick Nunn,WAS,27,63,53,37.2,0.8,2.2,38.4,47.1,19.1,0.5,1.1,40.7,18.1,0.4,1.1,35.8
139,Lauri Markkanen,UTA,25,65,56,12.5,0.9,2.2,39.7,45.4,7.9,0.6,1.4,45.3,4.6,0.3,0.8,31.3
140,Derrick Rose,NYK,34,27,26,36.5,0.9,2.1,41.4,50.0,20.1,0.5,1.2,43.7,16.4,0.4,1.0,38.5
141,Cory Joseph,DET,31,55,46,41.0,0.8,2.1,39.0,46.2,23.3,0.5,1.2,43.4,17.7,0.3,0.9,33.3
142,Collin Sexton,UTA,24,47,42,22.0,1.0,2.1,46.0,56.0,12.7,0.6,1.2,44.7,9.2,0.4,0.9,48.3
143,Tobias Harris,PHI,30,70,56,18.0,0.9,2.1,44.2,49.0,14.2,0.7,1.7,44.0,3.8,0.2,0.4,45.5
144,Bobby Portis,MIL,28,64,55,17.8,0.8,2.0,37.2,37.6,16.9,0.7,1.9,38.2,1.0,0.0,0.1,18.2
145,Jaden Hardy,DAL,20,42,33,28.9,0.8,2.0,41.0,52.4,12.9,0.4,0.9,40.9,16.0,0.5,1.1,40.9
146,Ty Jerome,GSW,25,44,31,34.3,0.8,1.9,44.6,51.2,23.1,0.6,1.3,46.5,11.2,0.3,0.6,41.0
147,Patrick Williams,CHI,21,74,65,23.0,0.8,1.9,40.3,42.4,20.5,0.7,1.7,40.5,2.5,0.1,0.2,40.0
148,Jalen Williams,OKC,21,69,59,18.2,0.7,1.9,37.7,41.2,14.2,0.6,1.5,39.7,4.1,0.1,0.4,31.0
149,De'Anthony Melton,PHI,24,72,54,21.8,0.6,1.9,31.9,43.0,6.8,0.2,0.6,31.0,15.0,0.4,1.3,32.6
150,T.J. McConnell,IND,31,71,59,27.6,1.0,1.9,53.0,56.4,24.4,0.9,1.6,52.1,3.1,0.1,0.2,61.9
151,Patty Mills,BKN,34,39,25,37.1,0.8,1.9,41.7,49.3,23.7,0.5,1.2,41.5,13.4,0.3,0.7,41.8
152,Isaiah Joe,OKC,23,67,52,27.8,0.8,1.8,43.9,55.3,10.4,0.4,0.7,56.5,17.4,0.4,1.1,36.5
153,Luke Kennard,MEM,26,53,44,29.4,0.7,1.8,40.6,49.5,15.6,0.4,1.0,43.8,13.8,0.3,0.8,37.6
154,Derrick White,BOS,28,75,61,19.4,0.8,1.8,44.8,54.1,9.7,0.5,0.9,52.8,9.7,0.3,0.9,37.1
155,Ish Smith,DEN,34,38,26,66.7,0.7,1.8,38.2,38.2,64.7,0.7,1.7,39.1,2.0,0.0,0.1,0.0
156,Coby White,CHI,23,66,52,22.8,0.6,1.8,35.6,41.9,12.8,0.4,1.0,41.0,10.1,0.2,0.8,29.1
157,Jordan Goodwin,WAS,24,55,41,34.5,0.8,1.8,42.3,46.4,23.8,0.6,1.2,49.2,10.7,0.1,0.6,27.3
158,Grayson Allen,MIL,27,69,53,22.1,0.6,1.8,33.1,47.1,4.9,0.1,0.4,23.1,17.2,0.5,1.4,36.0
159,Marcus Smart,BOS,29,57,43,17.9,0.5,1.7,31.3,39.9,7.1,0.3,0.7,36.8,10.8,0.3,1.1,28.6
160,Eric Gordon,LAC,34,64,49,17.7,0.6,1.7,35.8,50.5,3.9,0.1,0.4,28.9,13.8,0.5,1.3,37.6
161,Malachi Flynn,TOR,24,49,37,36.9,0.5,1.7,26.8,33.5,19.4,0.2,0.9,25.0,17.6,0.2,0.8,27.5
162,Rudy Gay,UTA,36,56,45,32.4,0.7,1.7,40.9,44.1,25.8,0.6,1.3,43.2,6.6,0.1,0.3,32.4
163,Josh Christopher,HOU,21,58,45,34.5,0.6,1.7,37.5,42.7,22.3,0.5,1.1,42.1,12.2,0.2,0.6,28.8
164,Doug McDermott,SAS,31,61,48,20.2,0.7,1.6,40.0,50.0,11.1,0.3,0.9,36.7,9.1,0.3,0.7,44.6
165,Luguentz Dort,OKC,23,68,53,13.8,0.6,1.6,34.2,42.8,6.0,0.3,0.7,39.4,7.8,0.3,0.9,30.1
166,Davion Mitchell,SAC,24,74,62,32.8,0.6,1.6,35.0,41.3,17.2,0.4,0.8,42.4,15.6,0.2,0.8,26.0
167,Blake Wesley,SAS,20,29,29,28.5,0.3,1.6,21.3,23.4,25.5,0.3,1.4,19.3,3.0,0.1,0.2,41.2
168,Shake Milton,PHI,26,71,51,24.9,0.5,1.6,33.3,36.8,19.3,0.4,1.2,33.9,5.7,0.1,0.4,29.7
169,Aaron Gordon,DEN,27,63,54,14.6,0.6,1.6,37.6,49.0,6.2,0.2,0.7,35.3,8.4,0.4,0.9,40.2
170,Bol Bol,ORL,23,67,50,24.2,0.6,1.6,35.5,40.2,16.5,0.4,1.1,38.5,7.7,0.1,0.5,29.4
171,Bruce Brown,DEN,26,74,55,17.8,0.6,1.6,36.8,40.2,13.1,0.5,1.2,40.5,4.7,0.1,0.4,26.2
172,Karl-Anthony Towns,MIN,27,23,19,10.7,0.6,1.6,36.1,43.1,7.1,0.3,1.0,33.7,3.6,0.2,0.5,42.3
173,Trevelin Queen,IND,26,7,7,37.9,0.1,1.6,9.1,13.6,3.4,0.0,0.1,0.0,34.5,0.1,1.4,9.8
174,Joe Ingles,MIL,35,41,36,28.2,0.8,1.6,50.0,71.9,3.1,0.1,0.2,58.8,25.1,0.7,1.4,48.9
175,Duncan Robinson,MIA,28,36,26,28.0,0.6,1.6,39.3,53.6,6.5,0.2,0.4,47.2,21.5,0.4,1.2,37.0
176,Theo Maledon,CHA,21,38,31,35.5,0.5,1.6,33.9,38.1,18.7,0.4,0.8,47.6,16.9,0.1,0.7,17.6
177,Nickeil Alexander-Walker,MIN,24,53,42,29.6,0.6,1.5,42.0,53.7,12.4,0.3,0.6,43.8,17.2,0.4,0.9,40.4
178,Keon Johnson,POR,21,40,31,34.3,0.5,1.5,31.1,41.8,16.3,0.1,0.7,20.5,18.0,0.3,0.8,41.3
179,Christian Wood,DAL,27,63,50,12.9,0.4,1.5,26.3,30.0,7.1,0.3,0.8,34.9,5.8,0.1,0.7,16.2
180,Evan Mobley,CLE,21,74,55,12.1,0.6,1.5,40.7,41.2,12.0,0.6,1.4,40.0,0.1,0.0,0.0,100
181,Jordan Nwora,IND,24,56,37,21.9,0.5,1.4,30.9,37.7,13.0,0.3,0.9,29.1,8.9,0.2,0.6,33.9
182,Cody Martin,CHA,27,7,5,27.8,0.1,1.4,10.0,10.0,13.9,0.1,0.7,19.7,13.9,0.0,0.7,0.0
183,Max Strus,MIA,26,73,49,14.0,0.4,1.4,30.8,41.3,3.5,0.1,0.4,38.9,10.5,0.3,1.1,28.0
184,Caleb Martin,MIA,27,64,47,17.8,0.7,1.4,46.7,55.0,11.1,0.4,0.9,47.7,6.7,0.2,0.5,43.4
185,Jaden McDaniels,MIN,22,73,55,15.5,0.6,1.4,41.7,45.6,12.6,0.5,1.1,41.7,2.9,0.1,0.3,42.3
186,Nassir Little,POR,23,52,31,25.9,0.6,1.4,45.2,54.1,15.6,0.4,0.8,44.7,10.3,0.3,0.6,44.6
187,Terance Mann,LAC,26,75,56,21.3,0.6,1.4,43.3,52.9,10.6,0.3,0.7,47.8,10.6,0.3,0.7,39.1
188,James Bouknight,CHA,22,28,19,32.0,0.4,1.4,30.8,41.0,11.5,0.1,0.5,28.0,20.5,0.3,0.9,32.6
189,Jeremy Sochan,SAS,19,55,35,14.0,0.6,1.4,39.5,42.8,11.2,0.5,1.1,40.5,2.8,0.1,0.3,33.3
190,Cam Reddish,POR,23,40,30,17.6,0.5,1.4,32.7,41.8,7.7,0.2,0.6,33.3,9.9,0.3,0.8,32.1
191,Simone Fontecchio,UTA,27,45,29,25.5,0.4,1.4,32.8,38.5,13.4,0.3,0.7,40.8,12.1,0.2,0.6,25.0
192,Taurean Prince,MIN,29,49,36,20.0,0.6,1.4,40.9,47.0,11.8,0.4,0.8,48.8,8.2,0.2,0.6,29.1
193,Delon Wright,WAS,30,46,34,24.3,0.5,1.4,40.3,51.6,9.4,0.2,0.5,46.2,14.9,0.3,0.8,36.1
194,Johnny Juzang,UTA,22,13,10,26.6,0.6,1.3,47.1,55.9,14.1,0.4,0.7,55.1,12.5,0.2,0.6,37.1
195,Harrison Barnes,SAC,30,75,54,13.3,0.5,1.3,41.2,52.6,6.3,0.2,0.6,39.3,7.0,0.3,0.7,42.6
196,Terence Davis,SAC,25,58,38,23.7,0.5,1.3,38.7,53.3,6.3,0.1,0.3,35.3,17.4,0.4,0.9,40.0
197,Bryn Forbes,MIN,29,25,15,38.6,0.5,1.3,37.5,43.8,21.7,0.3,0.7,44.4,16.9,0.2,0.6,28.6
198,Hamidou Diallo,DET,24,55,39,18.8,0.5,1.3,42.0,43.5,17.7,0.5,1.2,41.5,1.1,0.0,0.1,57.1
199,Jason Preston,LAC,23,13,7,39.0,0.5,1.2,37.5,40.6,29.3,0.4,0.9,41.3,9.8,0.1,0.3,25.8
200,Payton Pritchard,BOS,25,45,26,26.8,0.4,1.2,29.1,37.3,8.8,0.2,0.4,40.0,18.0,0.2,0.8,24.4
201,Kenrich Williams,OKC,28,53,37,18.5,0.5,1.2,39.1,42.2,14.5,0.4,0.9,42.6,4.0,0.1,0.3,30.8
202,Damion Lee,PHX,30,71,44,19.9,0.4,1.2,32.6,33.7,16.4,0.4,1.0,37.0,3.5,0.0,0.2,14.3
203,Jose Alvarado,NOP,24,61,43,14.9,0.4,1.2,32.9,39.7,8.6,0.2,0.7,33.3,6.3,0.2,0.5,31.4
204,MarJon Beauchamp,MIL,22,45,27,24.8,0.4,1.2,35.8,45.3,10.3,0.2,0.5,40.8,14.5,0.2,0.7,31.9
205,Isaiah Livers,DET,24,47,31,21.4,0.5,1.2,43.6,50.9,13.6,0.3,0.7,45.9,7.8,0.2,0.4,39.5
206,Naji Marshall,NOP,25,70,48,15.2,0.4,1.2,32.9,34.1,11.5,0.4,0.9,40.4,3.7,0.0,0.3,10.3
207,Romeo Langford,SAS,23,37,24,18.8,0.5,1.2,46.5,46.5,17.0,0.5,1.1,51.4,1.7,0.0,0.1,0.0
208,Nikola Jokic,DEN,28,67,42,7.7,0.5,1.1,45.5,51.3,5.5,0.4,0.8,47.6,2.2,0.1,0.3,39.4
209,Wendell Carter Jr.,ORL,23,52,37,10.4,0.5,1.1,40.7,41.5,9.6,0.4,1.1,41.5,0.7,0.0,0.1,25.0
210,Kyle Anderson,MIN,29,63,40,15.6,0.5,1.1,43.5,48.6,12.2,0.4,0.9,43.0,3.4,0.1,0.2,45.8
211,Aaron Nesmith,IND,23,67,40,13.7,0.5,1.1,41.9,52.7,6.9,0.2,0.6,40.0,6.9,0.2,0.6,43.6
212,Jae Crowder,MIL,32,12,7,27.1,0.7,1.1,61.5,73.1,12.5,0.4,0.5,84.0,14.6,0.3,0.6,43.1
213,Deandre Ayton,PHX,24,62,37,8.0,0.5,1.1,44.8,46.3,7.8,0.5,1.1,42.9,0.2,0.0,0.0,100
214,Ziaire Williams,MEM,21,36,23,22.0,0.5,1.1,43.6,51.3,14.1,0.3,0.7,44.9,7.9,0.2,0.4,43.6
215,Dru Smith,BKN,25,12,7,32.5,0.4,1.1,38.5,38.5,20.0,0.4,0.7,62.7,12.5,0.0,0.4,0.0
216,Keegan Murray,SAC,22,73,42,11.1,0.5,1.1,44.9,53.2,6.4,0.3,0.6,48.4,4.7,0.2,0.5,40.0
217,Dalano Banton,TOR,23,27,16,25.7,0.2,1.1,17.2,20.7,15.0,0.1,0.6,17.5,10.6,0.1,0.4,15.9
218,AJ Green,MIL,23,32,21,31.2,0.4,1.1,38.2,48.5,11.9,0.2,0.4,46.3,19.3,0.2,0.7,33.3
219,Kelly Olynyk,UTA,31,63,43,13.0,0.4,1.1,37.9,44.7,8.1,0.3,0.7,38.5,4.9,0.1,0.4,35.0
220,Johnny Davis,WAS,21,21,12,36.1,0.3,1.1,27.3,27.3,31.1,0.3,0.9,32.2,4.9,0.0,0.1,0.0
221,Brook Lopez,MIL,34,73,43,9.1,0.4,1.0,36.8,41.4,6.3,0.3,0.7,39.7,2.8,0.1,0.3,31.3
222,Grant Williams,BOS,24,72,46,16.7,0.4,1.0,40.5,55.4,5.9,0.1,0.4,30.6,10.9,0.3,0.7,46.3
223,R.J. Hampton,DET,22,40,26,21.5,0.3,1.0,29.3,35.4,11.5,0.2,0.6,32.7,9.9,0.1,0.5,27.1
224,Donte DiVincenzo,GSW,26,65,37,14.2,0.2,1.0,20.9,27.6,4.0,0.1,0.3,27.6,10.2,0.1,0.7,18.9
225,Kevin Love,MIA,34,56,36,14.9,0.4,1.0,35.1,45.6,4.4,0.1,0.3,46.7,10.4,0.2,0.7,29.6
226,Tyler Dorsey,DAL,27,3,1,60.0,1.0,1.0,100.0,100.0,60.0,1.0,1.0,100,0.0,0.0,0.0,-
227,Jordan Hall,SAS,21,9,6,32.1,0.4,1.0,44.4,55.6,21.4,0.2,0.7,32.8,10.7,0.2,0.3,66.7
228,Aaron Holiday,ATL,26,58,33,28.9,0.4,1.0,41.4,47.4,19.9,0.3,0.7,42.0,9.0,0.1,0.3,38.7
229,McKinley Wright IV,DAL,24,25,14,33.8,0.4,1.0,40.0,44.0,23.0,0.3,0.7,47.1,10.8,0.1,0.3,25.0
230,Jeff Dowtin Jr.,TOR,25,21,11,39.6,0.4,1.0,38.1,40.5,35.8,0.3,0.9,36.7,3.8,0.1,0.1,50.0
231,Royce O'Neale,BKN,29,70,43,12.8,0.3,1.0,34.3,48.6,2.9,0.1,0.2,26.1,9.9,0.3,0.8,37.7
232,Marvin Bagley III,DET,24,37,23,11.0,0.3,1.0,32.4,35.1,8.0,0.3,0.7,37.0,3.0,0.1,0.3,18.5
233,Frank Jackson,UTA,24,1,1,33.3,0.0,1.0,0.0,0.0,33.3,0.0,1.0,0.0,0.0,0.0,0.0,-
234,Xavier Moon,LAC,28,2,1,100.0,0.0,1.0,0.0,0.0,100.0,0.0,1.0,0.0,0.0,0.0,0.0,-
235,Carlik Jones,CHI,25,1,1,25.0,0.0,1.0,0.0,0.0,25.0,0.0,1.0,0.0,0.0,0.0,0.0,-
236,Trevor Hudgins,HOU,24,5,1,55.6,0.0,1.0,0.0,0.0,0.0,0.0,0.0,-,55.6,0.0,1.0,0.0
237,Nikola Vucevic,CHI,32,74,49,7.1,0.3,1.0,30.1,30.1,7.1,0.3,1.0,30.3,0.0,0.0,0.0,-
238,Gary Harris,ORL,28,44,23,15.0,0.4,1.0,39.5,53.5,4.9,0.1,0.3,34.4,10.1,0.3,0.7,40.9
239,Daishen Nix,HOU,21,52,28,22.7,0.3,1.0,35.3,51.0,2.7,0.0,0.1,33.3,20.0,0.3,0.9,35.6
240,Justin Holiday,DAL,33,43,25,23.0,0.3,1.0,28.6,36.9,11.5,0.1,0.5,24.5,11.5,0.2,0.5,32.7
241,Justise Winslow,POR,27,29,15,14.1,0.3,1.0,32.1,32.1,13.6,0.3,0.9,33.3,0.5,0.0,0.0,0.0
242,Trey Murphy III,NOP,22,72,45,9.7,0.3,1.0,34.8,47.1,3.8,0.1,0.4,26.3,5.9,0.2,0.6,41.4
243,Quentin Grimes,NYK,22,65,35,11.8,0.2,0.9,23.0,32.0,3.3,0.1,0.3,19.2,8.5,0.2,0.7,25.0
244,Ayo Dosunmu,CHI,23,72,40,13.0,0.4,0.9,38.8,40.3,12.2,0.3,0.9,37.5,0.8,0.0,0.1,50.0
245,Danuel House Jr.,PHI,29,49,29,28.5,0.4,0.9,44.4,58.9,7.6,0.1,0.2,58.3,20.9,0.3,0.7,40.3
246,Cedi Osman,CLE,27,71,40,13.0,0.3,0.9,32.3,46.9,2.8,0.0,0.2,15.0,10.2,0.3,0.7,37.5
247,George Hill,IND,36,43,24,25.3,0.3,0.9,38.5,43.6,11.7,0.3,0.4,61.9,13.6,0.1,0.5,18.4
248,Troy Brown Jr.,LAL,23,69,40,14.4,0.3,0.9,34.9,42.9,7.8,0.2,0.5,34.7,6.6,0.1,0.4,33.3
249,Myles Turner,IND,27,62,34,7.6,0.3,0.9,39.3,45.5,4.8,0.2,0.6,42.9,2.9,0.1,0.3,32.4
250,Jalen McDaniels,PHI,25,73,41,11.5,0.3,0.9,35.4,36.2,10.4,0.3,0.8,37.0,1.1,0.0,0.1,12.5
251,Kira Lewis Jr.,NOP,21,24,14,23.9,0.4,0.9,47.6,54.8,17.0,0.3,0.6,46.0,6.8,0.1,0.3,52.0
252,Svi Mykhailiuk,CHA,25,26,11,29.5,0.3,0.9,34.8,47.8,11.5,0.1,0.3,22.9,17.9,0.2,0.5,42.6
253,Kris Dunn,UTA,29,15,9,9.6,0.4,0.9,46.2,50.0,7.4,0.3,0.7,49.3,2.2,0.1,0.2,35.0
254,Josh Hart,NYK,28,70,41,12.6,0.3,0.9,29.5,30.3,9.7,0.2,0.7,35.8,2.9,0.0,0.2,5.0
255,Josh Okogie,PHX,24,65,30,15.3,0.3,0.9,28.6,36.6,7.4,0.1,0.4,26.2,7.9,0.1,0.5,31.1
256,Miles McBride,NYK,22,59,33,26.4,0.2,0.9,23.5,27.5,14.0,0.1,0.5,30.4,12.4,0.1,0.4,17.1
257,Jonathan Kuminga,GSW,20,61,31,11.3,0.3,0.8,41.2,47.1,8.0,0.3,0.6,42.4,3.3,0.1,0.3,40.0
258,Joe Harris,BKN,31,68,39,14.0,0.3,0.8,40.4,55.3,4.4,0.1,0.3,34.6,9.6,0.3,0.6,43.9
259,Scotty Pippen Jr.,LAL,22,6,2,41.7,0.2,0.8,20.0,30.0,25.0,0.0,0.5,0.0,16.7,0.2,0.3,51.5
260,Furkan Korkmaz,PHI,25,33,16,29.7,0.3,0.8,40.7,48.1,17.6,0.2,0.5,43.8,12.1,0.1,0.3,36.4
261,Jordan McLaughlin,MIN,26,38,23,23.3,0.3,0.8,35.5,45.2,6.8,0.1,0.2,54.2,16.5,0.2,0.6,27.6
262,John Collins,ATL,25,65,35,8.0,0.3,0.8,42.3,42.3,7.6,0.3,0.8,45.3,0.5,0.0,0.1,0.0
263,Jarrett Culver,ATL,24,10,6,18.6,0.3,0.8,37.5,37.5,14.0,0.3,0.6,50.0,4.7,0.0,0.2,0.0
264,Lamar Stevens,CLE,25,56,31,17.7,0.3,0.8,35.6,35.6,16.9,0.3,0.8,37.7,0.8,0.0,0.0,0.0
265,Jamaree Bouyea,WAS,23,5,3,28.6,0.2,0.8,25.0,37.5,7.1,0.0,0.2,0.0,21.4,0.2,0.6,33.3
266,Patrick Beverley,CHI,34,61,33,14.6,0.3,0.8,41.7,52.1,5.5,0.2,0.3,53.3,9.1,0.2,0.5,32.7
267,Rodney McGruder,DET,31,32,15,16.4,0.3,0.8,44.0,60.0,7.2,0.1,0.3,26.5,9.2,0.3,0.4,56.8
268,Gorgui Dieng,SAS,33,27,18,23.9,0.1,0.8,14.3,16.7,6.8,0.1,0.2,31.8,17.0,0.0,0.6,7.1
269,Saben Lee,PHX,23,22,12,19.3,0.2,0.8,23.5,26.5,10.2,0.1,0.4,34.1,9.1,0.1,0.4,13.9
270,Stanley Johnson,SAS,26,29,15,18.2,0.3,0.8,45.5,50.0,14.0,0.3,0.6,47.5,4.1,0.1,0.2,41.2
271,Zion Williamson,NOP,22,29,13,4.7,0.2,0.8,31.8,34.1,3.9,0.2,0.6,33.9,0.9,0.0,0.1,21.4
272,Jeff Green,DEN,36,51,28,13.1,0.2,0.8,28.2,32.1,9.4,0.2,0.6,29.1,3.7,0.1,0.2,27.3
273,Otto Porter Jr.,TOR,29,8,3,20.0,0.3,0.8,33.3,33.3,16.7,0.3,0.6,39.7,3.3,0.0,0.1,0.0
274,Edmond Sumner,BKN,27,49,25,13.8,0.3,0.7,38.9,44.4,8.8,0.2,0.5,42.6,5.0,0.1,0.3,29.6
275,Amir Coffey,LAC,25,48,17,24.6,0.2,0.7,28.6,30.0,20.4,0.2,0.6,31.7,4.2,0.0,0.1,15.4
276,Lindy Waters III,OKC,25,37,18,16.8,0.2,0.7,34.6,46.2,1.9,0.1,0.1,100,14.8,0.2,0.6,25.8
277,Davon Reed,LAL,27,40,18,33.7,0.2,0.7,32.1,39.3,26.5,0.1,0.6,23.6,7.2,0.1,0.1,66.7
278,Jaren Jackson Jr.,MEM,23,57,27,5.5,0.2,0.7,27.5,35.0,2.8,0.1,0.3,25.7,2.8,0.1,0.3,31.4
279,Trent Forrest,ATL,24,19,6,26.0,0.4,0.7,53.8,53.8,24.0,0.4,0.6,58.7,2.0,0.0,0.1,0.0
280,Deni Avdija,WAS,22,73,30,9.2,0.1,0.7,18.0,25.0,2.8,0.0,0.2,14.3,6.5,0.1,0.5,20.8
281,Isaiah Roby,SAS,25,41,18,17.9,0.2,0.7,29.6,37.0,8.6,0.1,0.3,31.3,9.3,0.1,0.3,29.4
282,Kevin Knox II,POR,23,56,27,15.3,0.2,0.6,30.6,34.7,8.1,0.1,0.3,41.2,7.2,0.1,0.3,16.7
283,Facundo Campazzo,DAL,32,8,2,38.5,0.1,0.6,20.0,30.0,0.0,0.0,0.0,-,38.5,0.1,0.6,20.6
284,Chuma Okeke,ORL,24,23,10,14.9,0.2,0.6,28.6,35.7,8.5,0.1,0.3,25.7,6.4,0.1,0.3,34.6
285,Matt Ryan,MIN,25,33,14,18.7,0.1,0.6,25.0,32.5,11.2,0.1,0.4,16.7,7.5,0.1,0.2,37.5
286,Julian Champagnie,SAS,21,10,5,13.3,0.4,0.6,66.7,75.0,11.1,0.3,0.5,60.0,2.2,0.1,0.1,100
287,PJ Dozier,SAC,26,10,5,60.0,0.2,0.6,33.3,41.7,30.0,0.1,0.3,33.3,30.0,0.1,0.3,33.3
288,Ryan Arcidiacono,POR,29,20,6,32.4,0.1,0.6,8.3,12.5,18.9,0.0,0.3,0.0,13.5,0.1,0.3,20.0
289,Garrison Mathews,ATL,26,51,20,16.1,0.2,0.6,36.7,53.3,1.6,0.0,0.1,33.3,14.5,0.2,0.5,37.7
290,Aleksej Pokusevski,OKC,21,31,12,7.4,0.2,0.6,27.8,30.6,5.3,0.1,0.4,31.0,2.1,0.0,0.2,18.8
291,Corey Kispert,WAS,24,67,25,7.7,0.2,0.6,34.2,46.1,2.6,0.1,0.2,31.6,5.1,0.1,0.4,35.1
292,Torrey Craig,PHX,32,72,31,8.9,0.1,0.6,17.1,19.5,6.8,0.1,0.4,16.3,2.2,0.0,0.1,21.4
293,Danny Green,CLE,35,9,5,21.7,0.2,0.6,40.0,50.0,8.7,0.1,0.2,50.0,13.0,0.1,0.3,33.3
294,Precious Achiuwa,TOR,23,48,22,7.9,0.1,0.6,22.2,25.9,5.6,0.1,0.4,20.0,2.3,0.0,0.2,23.5
295,Ousmane Dieng,OKC,19,32,13,11.5,0.1,0.6,11.1,13.9,5.8,0.0,0.3,10.7,5.8,0.0,0.3,10.7
296,Max Christie,LAL,20,38,14,20.0,0.3,0.6,47.6,52.4,17.1,0.2,0.5,44.7,2.9,0.1,0.1,62.5
297,Markieff Morris,DAL,33,33,12,19.6,0.2,0.6,44.4,47.2,18.5,0.2,0.5,40.4,1.1,0.0,0.0,100
298,Jonathan Isaac,ORL,25,11,5,11.3,0.1,0.6,16.7,16.7,11.3,0.1,0.6,16.4,0.0,0.0,0.0,-
299,Santi Aldama,MEM,22,71,29,7.8,0.1,0.5,28.9,39.5,2.7,0.0,0.2,22.2,5.1,0.1,0.3,31.4
300,James Johnson,IND,36,15,6,21.1,0.3,0.5,50.0,56.3,13.2,0.2,0.3,60.6,7.9,0.1,0.2,35.0
301,Frank Ntilikina,DAL,24,45,17,21.1,0.2,0.5,45.8,50.0,13.2,0.2,0.3,60.6,7.9,0.0,0.2,20.0
302,Josh Green,DAL,22,56,17,8.0,0.2,0.5,41.4,44.8,5.8,0.2,0.4,47.4,2.2,0.0,0.1,28.6
303,Jae'Sean Tate,HOU,27,31,12,7.0,0.1,0.5,25.0,28.1,4.8,0.1,0.3,28.6,2.2,0.0,0.2,18.8
304,Alperen Sengun,HOU,20,69,26,4.8,0.2,0.5,40.0,40.0,4.3,0.2,0.5,44.4,0.6,0.0,0.1,0.0
305,Georges Niang,PHI,29,72,27,8.0,0.2,0.5,32.4,40.5,2.2,0.1,0.1,57.1,5.8,0.1,0.4,21.1
306,Jordan Schakel,WAS,24,2,1,50.0,0.5,0.5,100.0,150.0,0.0,0.0,0.0,-,50.0,0.5,0.5,100
307,Jared Butler,OKC,22,2,1,25.0,0.5,0.5,100.0,150.0,0.0,0.0,0.0,-,25.0,0.5,0.5,100
308,Kennedy Chandler,MEM,20,32,13,21.1,0.2,0.5,43.8,43.8,15.8,0.2,0.4,57.9,5.3,0.0,0.1,0.0
309,James Wiseman,DET,21,38,16,6.9,0.1,0.5,15.8,15.8,6.9,0.1,0.5,16.0,0.0,0.0,0.0,-
310,Cole Swider,LAL,23,6,2,33.3,0.0,0.5,0.0,0.0,11.1,0.0,0.2,0.0,22.2,0.0,0.3,0.0
311,Devon Dotson,WAS,23,6,3,33.3,0.0,0.5,0.0,0.0,33.3,0.0,0.5,0.0,0.0,0.0,0.0,-
312,Dyson Daniels,NOP,20,53,24,13.4,0.1,0.5,26.9,32.7,6.2,0.1,0.2,34.8,7.2,0.1,0.3,23.1
313,Jakob Poeltl,TOR,27,64,24,5.6,0.3,0.5,54.8,54.8,5.4,0.3,0.5,57.4,0.2,0.0,0.0,0.0
314,Reggie Bullock,DAL,32,73,25,7.9,0.1,0.5,22.9,27.1,3.9,0.1,0.2,30.4,4.1,0.0,0.3,16.0
315,David Roddy,MEM,22,62,23,8.1,0.2,0.5,41.4,46.6,4.7,0.1,0.3,55.6,3.3,0.1,0.2,26.3
316,Sam Hauser,BOS,25,73,29,9.8,0.1,0.5,32.4,45.6,2.0,0.0,0.1,30.0,7.8,0.1,0.4,32.4
317,Keita Bates-Diop,SAS,27,59,20,7.0,0.1,0.5,29.6,29.6,6.2,0.1,0.4,34.1,0.8,0.0,0.1,0.0
318,Matthew Dellavedova,SAC,32,31,10,28.0,0.1,0.5,28.6,35.7,18.0,0.1,0.3,20.7,10.0,0.1,0.2,37.5
319,Dario Saric,OKC,28,53,16,9.2,0.1,0.5,29.2,31.3,7.3,0.1,0.4,30.6,1.9,0.0,0.1,22.2
320,Bryce McGowens,CHA,20,40,15,12.7,0.1,0.5,11.1,13.9,7.7,0.0,0.3,10.7,4.9,0.0,0.2,16.7
321,Obi Toppin,NYK,25,61,24,7.9,0.1,0.4,25.9,35.2,3.2,0.0,0.2,16.7,4.7,0.1,0.3,30.8
322,Kenneth Lofton Jr.,MEM,20,18,7,15.4,0.1,0.4,25.0,31.3,11.5,0.1,0.3,18.2,3.8,0.1,0.1,54.5
323,Dorian Finney-Smith,BKN,29,61,22,5.6,0.1,0.4,23.1,34.6,1.1,0.0,0.1,0.0,4.5,0.1,0.3,29.4
324,Alex Caruso,CHI,29,60,20,10.0,0.1,0.4,19.2,25.0,5.4,0.0,0.2,13.0,4.6,0.1,0.2,25.0
325,Ochai Agbaji,UTA,22,52,13,7.8,0.2,0.4,40.9,52.3,2.1,0.1,0.1,66.7,5.7,0.1,0.3,32.3
326,Chris Boucher,TOR,30,69,16,5.9,0.2,0.4,39.3,42.9,4.0,0.1,0.3,46.4,1.9,0.0,0.1,23.1
327,Raul Neto,CLE,30,45,13,19.1,0.2,0.4,55.6,61.1,11.7,0.2,0.2,75.0,7.4,0.0,0.2,25.0
328,Trendon Watford,POR,22,57,19,8.5,0.2,0.4,47.8,47.8,8.1,0.2,0.4,48.7,0.4,0.0,0.0,0.0
329,Wesley Matthews,MIL,36,45,16,13.4,0.1,0.4,33.3,44.4,3.7,0.0,0.1,36.4,9.7,0.1,0.3,31.0
330,JD Davison,BOS,20,10,4,30.8,0.1,0.4,25.0,25.0,30.8,0.1,0.4,25.0,0.0,0.0,0.0,-
331,Ben Simmons,BKN,26,42,15,7.2,0.1,0.4,23.5,23.5,6.4,0.1,0.4,27.8,0.9,0.0,0.1,0.0
332,Austin Rivers,MIN,30,52,20,10.0,0.1,0.4,14.3,21.4,2.4,0.0,0.1,0.0,7.7,0.1,0.3,19.4
333,Moses Moody,GSW,20,57,16,11.3,0.2,0.4,40.9,47.7,5.7,0.1,0.2,57.9,5.7,0.1,0.2,26.3
334,Christian Braun,DEN,21,69,21,11.7,0.1,0.4,29.6,38.9,6.5,0.0,0.2,18.2,5.2,0.1,0.2,41.2
335,Tari Eason,HOU,21,76,23,5.0,0.1,0.4,23.3,25.0,3.7,0.1,0.3,27.6,1.3,0.0,0.1,9.1
336,Keon Ellis,SAC,23,13,4,38.5,0.2,0.4,60.0,90.0,7.7,0.0,0.1,0.0,30.8,0.2,0.3,74.2
337,Jalen Smith,IND,23,64,18,5.2,0.1,0.4,33.3,39.6,4.1,0.1,0.3,26.7,1.1,0.1,0.1,62.5
338,Patrick Baldwin Jr.,GSW,20,26,9,10.0,0.1,0.4,30.0,40.0,7.0,0.0,0.3,14.8,3.0,0.1,0.1,66.7
339,JT Thor,CHA,20,63,20,13.2,0.1,0.4,25.0,25.0,11.0,0.1,0.3,31.3,2.2,0.0,0.1,0.0
340,Naz Reid,MIN,23,67,22,4.4,0.1,0.4,20.0,24.0,2.0,0.0,0.2,25.0,2.5,0.0,0.2,14.3
341,Leandro Bolmaro,UTA,22,14,4,26.3,0.1,0.4,40.0,40.0,26.3,0.1,0.4,38.9,0.0,0.0,0.0,-
342,John Konchar,MEM,27,66,19,8.1,0.1,0.4,33.3,45.8,2.0,0.0,0.1,33.3,6.1,0.1,0.3,33.3
343,Anthony Lamb,GSW,25,55,16,6.9,0.1,0.4,25.0,35.0,2.4,0.0,0.1,15.4,4.5,0.1,0.2,29.2
344,Jaden Springer,PHI,20,14,5,22.7,0.1,0.4,20.0,20.0,22.7,0.1,0.4,19.4,0.0,0.0,0.0,-
345,Xavier Tillman,MEM,24,55,15,7.3,0.2,0.3,47.4,47.4,6.1,0.2,0.3,55.2,1.1,0.0,0.1,0.0
346,Jonas Valanciunas,NOP,30,72,20,3.4,0.1,0.3,24.0,24.0,3.2,0.1,0.3,24.2,0.1,0.0,0.0,0.0
347,Mike Muscala,BOS,31,56,17,7.4,0.2,0.3,57.9,73.7,3.9,0.1,0.2,50.0,3.5,0.1,0.2,68.8
348,Jalen Johnson,ATL,21,64,16,8.1,0.1,0.3,27.3,27.3,5.9,0.1,0.3,36.0,2.2,0.0,0.1,0.0
349,Braxton Key,DET,26,3,1,100.0,0.3,0.3,100.0,100.0,100.0,0.3,0.3,100,0.0,0.0,0.0,-
350,Garrett Temple,NOP,36,24,8,18.2,0.1,0.3,25.0,37.5,6.8,0.0,0.1,0.0,11.4,0.1,0.2,38.1
351,Yuta Watanabe,BKN,28,52,15,8.1,0.1,0.3,23.5,23.5,6.7,0.1,0.3,29.6,1.4,0.0,0.1,0.0
352,Robert Covington,LAC,32,43,13,6.7,0.1,0.3,21.4,25.0,3.4,0.1,0.2,31.3,3.4,0.0,0.2,12.5
353,Sam Merrill,CLE,26,3,1,25.0,0.0,0.3,0.0,0.0,0.0,0.0,0.0,-,25.0,0.0,0.3,0.0
354,Pat Connaughton,MIL,30,57,15,4.4,0.2,0.3,50.0,69.4,0.7,0.0,0.1,80.0,3.6,0.1,0.3,46.2
355,Kevon Harris,ORL,25,31,7,12.0,0.1,0.3,20.0,30.0,3.6,0.0,0.1,0.0,8.4,0.1,0.2,26.1
356,Dewayne Dedmon,PHI,33,36,11,7.9,0.2,0.3,63.6,68.2,7.2,0.2,0.3,60.7,0.7,0.0,0.0,100
357,Tyrese Martin,ATL,24,13,3,25.0,0.1,0.3,50.0,62.5,18.8,0.1,0.2,34.8,6.3,0.1,0.1,100
358,Serge Ibaka,MIL,33,16,5,9.3,0.1,0.3,40.0,40.0,9.3,0.1,0.3,41.9,0.0,0.0,0.0,-
359,Trey Lyles,SAC,27,67,19,5.8,0.1,0.3,28.6,38.1,1.4,0.0,0.1,42.9,4.4,0.1,0.2,25.0
360,Boban Marjanovic,HOU,34,27,7,16.0,0.1,0.3,37.5,37.5,16.0,0.1,0.3,36.7,0.0,0.0,0.0,-
361,Haywood Highsmith,MIA,26,50,14,7.6,0.1,0.3,33.3,40.0,5.1,0.1,0.2,30.0,2.5,0.0,0.1,40.0
362,Jake LaRavia,MEM,21,33,9,11.0,0.1,0.3,20.0,25.0,1.1,0.0,0.0,100,9.9,0.0,0.3,11.1
363,Charles Bassey,SAS,22,35,9,7.4,0.2,0.3,60.0,70.0,5.2,0.1,0.2,55.0,2.2,0.1,0.1,66.7
364,Al Horford,BOS,36,59,14,3.9,0.1,0.3,47.1,55.9,2.7,0.1,0.2,40.0,1.1,0.1,0.1,62.5
365,Oshae Brissett,IND,24,59,14,6.1,0.1,0.3,23.5,32.4,2.5,0.0,0.1,16.7,3.6,0.1,0.2,29.4
366,Juan Toscano-Anderson,UTA,29,45,12,11.8,0.1,0.3,25.0,25.0,7.8,0.1,0.2,38.9,3.9,0.0,0.1,0.0
367,Davis Bertans,DAL,30,42,11,8.0,0.1,0.3,54.5,77.3,0.7,0.0,0.0,100,7.2,0.1,0.2,50.0
368,Domantas Sabonis,SAC,26,73,17,2.2,0.1,0.3,47.4,47.4,1.9,0.1,0.2,52.2,0.2,0.0,0.0,0.0
369,Jared Rhoden,DET,23,8,1,11.8,0.1,0.3,50.0,50.0,5.9,0.1,0.1,100,5.9,0.0,0.1,0.0
370,Vit Krejci,ATL,22,24,6,19.4,0.1,0.3,50.0,66.7,6.5,0.0,0.1,50.0,12.9,0.1,0.2,47.1
371,Drew Eubanks,POR,26,73,14,6.5,0.1,0.3,38.9,38.9,6.5,0.1,0.3,40.0,0.0,0.0,0.0,-
372,Ish Wainright,PHX,28,55,12,6.7,0.1,0.3,35.7,50.0,1.0,0.0,0.0,50.0,5.7,0.1,0.2,31.8
373,Vlatko Cancar,DEN,25,53,10,6.3,0.1,0.3,30.8,42.3,2.9,0.0,0.1,18.2,3.4,0.1,0.1,46.2
374,Kai Jones,CHA,22,40,7,11.2,0.1,0.3,30.0,30.0,11.2,0.1,0.3,32.0,0.0,0.0,0.0,-
375,Aaron Wiggins,OKC,24,63,15,5.1,0.1,0.3,31.3,40.6,2.9,0.0,0.1,21.4,2.2,0.1,0.1,45.5
376,Zach Collins,SAS,25,59,14,3.0,0.1,0.3,26.7,30.0,2.2,0.1,0.2,26.3,0.8,0.0,0.1,28.6
377,Peyton Watson,DEN,20,16,4,17.4,0.1,0.3,25.0,25.0,17.4,0.1,0.3,24.0,0.0,0.0,0.0,-
378,David Duke Jr.,BKN,23,20,3,7.9,0.1,0.3,20.0,20.0,6.3,0.1,0.2,25.0,1.6,0.0,0.1,0.0
379,Alize Johnson,SAS,26,4,1,16.7,0.0,0.3,0.0,0.0,0.0,0.0,0.0,-,16.7,0.0,0.3,0.0
380,Jarrell Brantley,UTA,26,4,1,7.1,0.0,0.3,0.0,0.0,0.0,0.0,0.0,-,7.1,0.0,0.3,0.0
381,Maxi Kleber,DAL,31,33,5,5.2,0.1,0.2,37.5,37.5,3.2,0.1,0.1,60.0,1.9,0.0,0.1,0.0
382,Nerlens Noel,BKN,28,17,4,11.1,0.1,0.2,25.0,25.0,11.1,0.1,0.2,25.0,0.0,0.0,0.0,-
383,Darius Bazley,PHX,22,41,9,6.0,0.1,0.2,20.0,25.0,5.4,0.0,0.2,9.1,0.6,0.0,0.0,100
384,Brandon Clarke,MEM,26,56,12,3.7,0.1,0.2,61.5,61.5,3.7,0.1,0.2,60.9,0.0,0.0,0.0,-
385,Mason Plumlee,LAC,33,73,13,3.7,0.1,0.2,52.9,52.9,3.7,0.1,0.2,52.2,0.0,0.0,0.0,-
386,Jarred Vanderbilt,LAL,23,71,14,3.8,0.1,0.2,25.0,28.1,3.3,0.0,0.2,20.0,0.5,0.0,0.0,33.3
387,Nicolas Batum,LAC,34,72,14,4.5,0.1,0.2,50.0,71.9,1.1,0.0,0.1,16.7,3.4,0.1,0.2,58.8
388,Herbert Jones,NOP,24,59,13,3.0,0.1,0.2,30.8,34.6,2.3,0.1,0.2,29.4,0.7,0.0,0.1,40.0
389,Justin Jackson,BOS,28,23,5,18.5,0.0,0.2,20.0,30.0,11.1,0.0,0.1,0.0,7.4,0.0,0.1,44.4
390,Kessler Edwards,SAC,22,29,6,8.8,0.1,0.2,33.3,33.3,7.4,0.1,0.2,41.2,1.5,0.0,0.0,0.0
391,Larry Nance Jr.,NOP,30,58,10,4.3,0.1,0.2,33.3,33.3,4.0,0.1,0.2,36.8,0.4,0.0,0.0,0.0
392,Jusuf Nurkic,POR,28,52,9,2.2,0.1,0.2,27.3,31.8,1.6,0.0,0.1,26.7,0.6,0.0,0.1,33.3
393,Mamadi Diakite,CLE,26,19,3,11.8,0.1,0.2,25.0,37.5,5.9,0.0,0.1,0.0,5.9,0.1,0.1,45.5
394,Dalen Terry,CHI,20,30,5,12.8,0.1,0.2,50.0,66.7,6.4,0.0,0.1,30.0,6.4,0.1,0.1,70.0
395,Eugene Omoruyi,DET,26,35,5,3.8,0.0,0.2,14.3,21.4,1.6,0.0,0.1,0.0,2.2,0.0,0.1,27.3
396,Nikola Jovic,MIA,19,15,3,4.3,0.0,0.2,0.0,0.0,4.3,0.0,0.2,0.0,0.0,0.0,0.0,-
397,Ron Harper Jr.,TOR,22,5,1,12.5,0.0,0.2,0.0,0.0,0.0,0.0,0.0,-,12.5,0.0,0.2,0.0
398,Joe Wieskamp,TOR,23,5,1,12.5,0.0,0.2,0.0,0.0,0.0,0.0,0.0,-,12.5,0.0,0.2,0.0
399,Jamal Cain,MIA,24,15,3,6.0,0.0,0.2,0.0,0.0,6.0,0.0,0.2,0.0,0.0,0.0,0.0,-
400,Cody Zeller,MIA,30,10,2,6.9,0.0,0.2,0.0,0.0,6.9,0.0,0.2,0.0,0.0,0.0,0.0,-
401,Lindell Wigginton,MIL,24,5,1,11.1,0.0,0.2,0.0,0.0,0.0,0.0,0.0,-,11.1,0.0,0.2,0.0
402,Isaiah Jackson,IND,21,57,9,3.9,0.1,0.2,54.5,54.5,3.2,0.1,0.2,68.8,0.7,0.0,0.0,0.0
403,Matisse Thybulle,POR,26,68,12,5.5,0.1,0.2,38.5,53.8,1.3,0.0,0.0,25.0,4.2,0.1,0.1,40.0
404,Jalen Duren,DET,19,59,9,3.2,0.1,0.2,27.3,27.3,3.2,0.1,0.2,26.3,0.0,0.0,0.0,-
405,Wendell Moore Jr.,MIN,21,27,4,11.9,0.0,0.2,20.0,30.0,7.1,0.0,0.1,0.0,4.8,0.0,0.1,57.1
406,Mo Bamba,LAL,24,47,8,3.8,0.0,0.2,11.1,16.7,1.3,0.0,0.1,0.0,2.5,0.0,0.1,15.4
407,Draymond Green,GSW,33,66,11,2.8,0.1,0.2,25.0,29.2,2.3,0.0,0.1,20.0,0.5,0.0,0.0,66.7
408,Thomas Bryant,DEN,25,57,9,2.8,0.1,0.2,30.0,30.0,2.5,0.1,0.2,31.3,0.3,0.0,0.0,0.0
409,Dean Wade,CLE,26,39,6,4.6,0.1,0.2,28.6,35.7,3.3,0.0,0.1,23.1,1.3,0.0,0.1,60.0
410,Terry Taylor,CHI,23,28,5,7.5,0.0,0.2,20.0,20.0,6.0,0.0,0.1,28.6,1.5,0.0,0.0,0.0
411,Kendall Brown,IND,19,6,1,14.3,0.2,0.2,100.0,100.0,14.3,0.2,0.2,100,0.0,0.0,0.0,-
412,Taj Gibson,WAS,37,46,7,7.1,0.1,0.2,62.5,62.5,6.3,0.1,0.1,73.3,0.9,0.0,0.0,0.0
413,Javonte Green,CHI,29,30,5,4.8,0.1,0.2,40.0,50.0,3.8,0.0,0.1,23.1,1.0,0.0,0.0,100
414,Thaddeus Young,TOR,34,54,9,4.5,0.1,0.2,33.3,33.3,4.0,0.1,0.1,40.0,0.5,0.0,0.0,0.0
415,Nathan Knight,MIN,25,36,5,7.7,0.0,0.2,16.7,25.0,2.6,0.0,0.1,0.0,5.1,0.0,0.1,27.3
416,Ryan Rollins,GSW,20,12,1,10.0,0.0,0.2,0.0,0.0,5.0,0.0,0.1,0.0,5.0,0.0,0.1,0.0
417,Udonis Haslem,MIA,42,6,1,8.3,0.0,0.2,0.0,0.0,8.3,0.0,0.2,0.0,0.0,0.0,0.0,-
418,Blake Griffin,BOS,34,35,4,5.1,0.0,0.2,0.0,0.0,0.0,0.0,0.0,-,5.1,0.0,0.2,0.0
419,Theo Pinson,DAL,27,38,4,9.8,0.1,0.2,50.0,66.7,1.6,0.0,0.0,100,8.2,0.1,0.1,38.5
420,Caleb Houstan,ORL,20,45,7,4.7,0.1,0.2,42.9,57.1,2.0,0.0,0.1,28.6,2.7,0.0,0.1,44.4
421,Admiral Schofield,ORL,25,32,4,5.3,0.0,0.2,0.0,0.0,1.1,0.0,0.0,0.0,4.2,0.0,0.1,0.0
422,Jock Landale,PHX,27,65,9,3.2,0.0,0.1,10.0,10.0,2.3,0.0,0.1,18.2,1.0,0.0,0.1,0.0
423,A.J. Lawson,DAL,22,13,2,7.7,0.0,0.1,0.0,0.0,3.8,0.0,0.1,0.0,3.8,0.0,0.1,0.0
424,Sandro Mamukelashvili,SAS,23,36,5,3.2,0.0,0.1,20.0,30.0,2.6,0.0,0.1,0.0,0.6,0.0,0.0,100
425,Buddy Boeheim,DET,23,7,1,4.3,0.0,0.1,0.0,0.0,0.0,0.0,0.0,-,4.3,0.0,0.1,0.0
426,Josh Minott,MIN,20,14,2,5.9,0.0,0.1,0.0,0.0,2.9,0.0,0.1,0.0,2.9,0.0,0.1,0.0
427,Andre Iguodala,GSW,39,7,1,8.3,0.0,0.1,0.0,0.0,0.0,0.0,0.0,-,8.3,0.0,0.1,0.0
428,Noah Vonleh,BOS,27,23,2,12.5,0.0,0.1,33.3,33.3,8.3,0.0,0.1,44.4,4.2,0.0,0.0,0.0
429,Anthony Gill,WAS,30,52,7,6.9,0.0,0.1,14.3,14.3,2.9,0.0,0.1,33.3,3.9,0.0,0.1,0.0
430,Chimezie Metu,SAC,26,61,7,3.9,0.0,0.1,12.5,12.5,2.5,0.0,0.1,25.0,1.5,0.0,0.1,0.0
431,Greg Brown III,POR,21,16,2,7.1,0.0,0.1,0.0,0.0,3.6,0.0,0.1,0.0,3.6,0.0,0.1,0.0
432,Luka Garza,MIN,24,26,3,2.7,0.1,0.1,66.7,66.7,2.7,0.1,0.1,66.7,0.0,0.0,0.0,-
433,Isaac Okoro,CLE,22,76,8,2.5,0.0,0.1,33.3,50.0,0.6,0.0,0.0,0.0,2.0,0.0,0.1,44.4
434,Frank Kaminsky,HOU,29,34,3,7.3,0.0,0.1,25.0,25.0,7.3,0.0,0.1,25.0,0.0,0.0,0.0,-
435,Isaiah Stewart,DET,21,49,6,1.4,0.0,0.1,16.7,16.7,0.2,0.0,0.0,100,1.2,0.0,0.1,0.0
436,Moritz Wagner,ORL,25,52,6,1.6,0.0,0.1,0.0,0.0,0.8,0.0,0.1,0.0,0.8,0.0,0.1,0.0
437,Isaiah Hartenstein,NYK,24,76,6,2.7,0.0,0.1,37.5,37.5,2.7,0.0,0.1,36.4,0.0,0.0,0.0,-
438,JaVale McGee,DAL,35,38,4,3.6,0.0,0.1,25.0,25.0,2.7,0.0,0.1,37.5,0.9,0.0,0.0,0.0
439,Montrezl Harrell,PHI,29,53,4,3.2,0.0,0.1,16.7,16.7,3.2,0.0,0.1,18.2,0.0,0.0,0.0,-
440,Kenyon Martin Jr.,HOU,22,76,8,1.2,0.0,0.1,12.5,12.5,0.5,0.0,0.0,25.0,0.8,0.0,0.1,0.0
441,P.J. Tucker,PHI,37,70,7,3.4,0.0,0.1,14.3,21.4,2.0,0.0,0.1,0.0,1.5,0.0,0.0,25.0
442,Thanasis Antetokounmpo,MIL,30,31,3,11.1,0.0,0.1,0.0,0.0,3.7,0.0,0.0,0.0,7.4,0.0,0.1,0.0
443,Juancho Hernangomez,TOR,27,42,4,3.5,0.0,0.1,0.0,0.0,0.9,0.0,0.0,0.0,2.6,0.0,0.1,0.0
444,Isaiah Mobley,CLE,23,10,1,10.0,0.0,0.1,0.0,0.0,10.0,0.0,0.1,0.0,0.0,0.0,0.0,-
445,Jabari Walker,POR,20,49,5,3.8,0.0,0.1,0.0,0.0,3.1,0.0,0.1,0.0,0.8,0.0,0.0,0.0
446,Moussa Diabate,LAC,21,20,2,4.5,0.0,0.1,0.0,0.0,4.5,0.0,0.1,0.0,0.0,0.0,0.0,-
447,Nick Richards,CHA,25,60,6,2.1,0.0,0.1,0.0,0.0,2.1,0.0,0.1,0.0,0.0,0.0,0.0,-
448,Rudy Gobert,MIN,30,64,6,1.2,0.0,0.1,16.7,16.7,1.0,0.0,0.1,25.0,0.2,0.0,0.0,0.0
449,Kevon Looney,GSW,27,75,6,2.0,0.0,0.1,0.0,0.0,2.0,0.0,0.1,0.0,0.0,0.0,0.0,-
450,Jeremiah Robinson-Earl,OKC,22,39,3,1.3,0.1,0.1,66.7,83.3,0.4,0.0,0.0,100,0.9,0.0,0.1,60.0
451,Onyeka Okongwu,ATL,22,73,5,1.3,0.0,0.1,33.3,33.3,1.1,0.0,0.1,42.9,0.2,0.0,0.0,0.0
452,John Butler Jr.,POR,20,12,1,12.5,0.0,0.1,0.0,0.0,12.5,0.0,0.1,0.0,0.0,0.0,0.0,-
453,Jaylin Williams,OKC,20,43,3,1.4,0.1,0.1,66.7,83.3,0.9,0.0,0.1,40.0,0.5,0.0,0.0,100
454,Daniel Gafford,WAS,24,73,5,1.4,0.0,0.1,60.0,60.0,1.4,0.0,0.1,57.1,0.0,0.0,0.0,-
455,Nic Claxton,BKN,23,70,4,0.9,0.0,0.1,60.0,60.0,0.7,0.0,0.1,66.7,0.2,0.0,0.0,0.0
456,Jarrett Allen,CLE,24,65,4,0.7,0.0,0.1,50.0,50.0,0.7,0.0,0.1,50.0,0.0,0.0,0.0,-
457,KZ Okpala,SAC,23,35,2,5.3,0.0,0.1,50.0,50.0,5.3,0.0,0.1,50.0,0.0,0.0,0.0,-
458,Bruno Fernando,ATL,24,35,2,2.1,0.0,0.1,50.0,50.0,2.1,0.0,0.1,50.0,0.0,0.0,0.0,-
459,Goga Bitadze,ORL,23,31,2,2.5,0.0,0.1,50.0,75.0,0.0,0.0,0.0,-,2.5,0.0,0.1,50.0
460,Paul Reed,PHI,23,62,4,2.4,0.0,0.1,25.0,25.0,2.4,0.0,0.1,33.3,0.0,0.0,0.0,-
461,Robert Williams III,BOS,25,31,2,1.3,0.0,0.1,0.0,0.0,1.3,0.0,0.1,0.0,0.0,0.0,0.0,-
462,Jericho Sims,NYK,24,50,3,2.9,0.0,0.1,0.0,0.0,1.9,0.0,0.0,0.0,1.0,0.0,0.0,0.0
463,Alex Len,SAC,29,19,1,7.7,0.1,0.1,100.0,100.0,7.7,0.1,0.1,100,0.0,0.0,0.0,-
464,Dominick Barlow,SAS,19,21,1,2.0,0.1,0.1,100.0,100.0,2.0,0.1,0.1,100,0.0,0.0,0.0,-
465,Derrick Jones Jr.,CHI,26,57,3,1.5,0.0,0.1,66.7,83.3,0.5,0.0,0.0,100,1.0,0.0,0.0,50.0
466,Luke Kornet,BOS,27,62,3,2.1,0.0,0.1,66.7,83.3,0.7,0.0,0.0,100,1.4,0.0,0.0,66.7
467,Bismack Biyombo,PHX,30,55,2,1.1,0.0,0.0,50.0,50.0,1.1,0.0,0.0,50.0,0.0,0.0,0.0,-
468,Dwight Powell,DAL,31,71,3,1.1,0.0,0.0,33.3,33.3,0.8,0.0,0.0,33.3,0.4,0.0,0.0,0.0
469,JaMychal Green,GSW,32,56,2,0.8,0.0,0.0,0.0,0.0,0.4,0.0,0.0,0.0,0.4,0.0,0.0,0.0
470,Zeke Nnaji,DEN,22,48,2,1.2,0.0,0.0,0.0,0.0,0.0,0.0,0.0,-,1.2,0.0,0.0,0.0
471,Jaxson Hayes,NOP,22,46,2,1.3,0.0,0.0,0.0,0.0,1.3,0.0,0.0,0.0,0.0,0.0,0.0,-
472,Mark Williams,CHA,21,39,1,0.5,0.0,0.0,100.0,100.0,0.5,0.0,0.0,100,0.0,0.0,0.0,-
473,Robin Lopez,CLE,34,34,1,1.7,0.0,0.0,100.0,100.0,1.7,0.0,0.0,100,0.0,0.0,0.0,-
474,Wenyen Gabriel,LAL,26,61,2,0.8,0.0,0.0,50.0,75.0,0.0,0.0,0.0,-,0.8,0.0,0.0,66.7
475,Andre Drummond,CHI,29,62,2,0.8,0.0,0.0,50.0,50.0,0.8,0.0,0.0,66.7,0.0,0.0,0.0,-
476,Ivica Zubac,LAC,26,70,2,0.4,0.0,0.0,0.0,0.0,0.4,0.0,0.0,0.0,0.0,0.0,0.0,-
477,Willy Hernangomez,NOP,28,38,1,0.6,0.0,0.0,0.0,0.0,0.6,0.0,0.0,0.0,0.0,0.0,0.0,-
478,Day'Ron Sharpe,BKN,21,41,1,0.7,0.0,0.0,100.0,150.0,0.0,0.0,0.0,-,0.7,0.0,0.0,100
479,Steven Adams,MEM,29,42,1,0.4,0.0,0.0,0.0,0.0,0.4,0.0,0.0,0.0,0.0,0.0,0.0,-
480,Clint Capela,ATL,28,59,1,0.2,0.0,0.0,0.0,0.0,0.2,0.0,0.0,0.0,0.0,0.0,0.0,-
481,Mitchell Robinson,NYK,24,54,1,0.4,0.0,0.0,0.0,0.0,0.4,0.0,0.0,0.0,0.0,0.0,0.0,-
482,Usman Garuba,HOU,21,69,1,0.6,0.0,0.0,0.0,0.0,0.0,0.0,0.0,-,0.6,0.0,0.0,0.0
